experiment_id,agent_group_id,algorithm,awareness,n_records,mean_remaining_path_risk,remaining_path_risk_var,cumulative_risk_exposure,avg_path_length,avg_time,max_time,name,risk_nodes,source_nodes,agents_per_source,random_seed
1,82,Efficient,High,81,0.024234709400916075,0.003928817834365947,0.03283950617283951,22.876543209876544,102.95400000000011,106.80000000000011,case_1,"[[0, ""32"", 1.0], [0, ""112"", 1.0], [0, ""222"", 1.0], [0, ""223"", 1.0], [2400, ""170"", 0.7]]","[""82"", ""83""]","[5, 5]",1001
1,82,Efficient,Low,125,0.1497066210526517,0.04614931731979465,0.05567999999999999,23.368,184.0140000000002,186.6900000000002,case_1,"[[0, ""32"", 1.0], [0, ""112"", 1.0], [0, ""222"", 1.0], [0, ""223"", 1.0], [2400, ""170"", 0.7]]","[""82"", ""83""]","[5, 5]",1001
1,83,Centrality,High,80,0.01922452643000644,0.004625684482517492,0.0037037037037037034,26.3,117.74400000000011,120.84000000000012,case_1,"[[0, ""32"", 1.0], [0, ""112"", 1.0], [0, ""222"", 1.0], [0, ""223"", 1.0], [2400, ""170"", 0.7]]","[""82"", ""83""]","[5, 5]",1001
1,83,Centrality,Low,125,0.07729993197467558,0.017790161914070266,0.03424000000000001,19.904,163.17600000000016,171.54000000000016,case_1,"[[0, ""32"", 1.0], [0, ""112"", 1.0], [0, ""222"", 1.0], [0, ""223"", 1.0], [2400, ""170"", 0.7]]","[""82"", ""83""]","[5, 5]",1001
2,82,Efficient,High,76,0.0,0.0,0.0,24.69736842105263,106.9680000000001,112.98000000000012,case_2,"[[0, ""8"", 1.0], [0, ""7"", 1.0]]","[""82"", ""83""]","[5, 5]",1002
2,82,Efficient,Low,85,0.02671386738490397,0.01674120582176163,0.015294117647058824,26.458823529411763,121.6320000000001,126.27000000000012,case_2,"[[0, ""8"", 1.0], [0, ""7"", 1.0]]","[""82"", ""83""]","[5, 5]",1002
2,83,Centrality,High,76,0.0,0.0,0.0,24.36842105263158,106.2360000000001,112.95000000000012,case_2,"[[0, ""8"", 1.0], [0, ""7"", 1.0]]","[""82"", ""83""]","[5, 5]",1002
2,83,Centrality,Low,85,0.013216535782482722,0.00789198522821671,0.008470588235294119,24.51764705882353,112.86600000000013,116.40000000000012,case_2,"[[0, ""8"", 1.0], [0, ""7"", 1.0]]","[""82"", ""83""]","[5, 5]",1002
3,82,Efficient,High,72,0.0,0.0,0.0,25.61111111111111,102.95400000000011,106.80000000000011,case_3,"[[0, ""112"", 1.0], [0, ""222"", 1.0]]","[""82"", ""83""]","[5, 5]",1003
3,82,Efficient,Low,77,0.05929182155283986,0.02985346341392475,0.014545454545454545,22.83116883116883,109.92000000000012,114.30000000000011,case_3,"[[0, ""112"", 1.0], [0, ""222"", 1.0]]","[""82"", ""83""]","[5, 5]",1003
3,83,Centrality,High,72,0.009694116537609668,0.001842875461139191,0.013055555555555556,24.194444444444443,98.91000000000011,102.7800000000001,case_3,"[[0, ""112"", 1.0], [0, ""222"", 1.0]]","[""82"", ""83""]","[5, 5]",1003
3,83,Centrality,Low,77,0.010160777922214509,0.0020210475161320657,0.013246753246753248,23.68831168831169,105.58800000000011,110.22000000000011,case_3,"[[0, ""112"", 1.0], [0, ""222"", 1.0]]","[""82"", ""83""]","[5, 5]",1003
4,82,Efficient,High,76,0.0,0.0,0.0,24.69736842105263,106.9680000000001,112.98000000000012,case_4,"[[0, ""8"", 1.0], [0, ""56"", 1.0]]","[""82"", ""83""]","[5, 5]",1004
4,82,Efficient,Low,84,0.02322561582036517,0.012682722513068798,0.010238095238095237,26.595238095238095,120.50400000000013,124.77000000000012,case_4,"[[0, ""8"", 1.0], [0, ""56"", 1.0]]","[""82"", ""83""]","[5, 5]",1004
4,83,Centrality,High,76,0.0,0.0,0.0,24.36842105263158,106.2360000000001,112.95000000000012,case_4,"[[0, ""8"", 1.0], [0, ""56"", 1.0]]","[""82"", ""83""]","[5, 5]",1004
4,83,Centrality,Low,84,0.013749567916983325,0.007344902451040696,0.010000000000000002,24.011904761904763,109.9440000000001,113.46000000000011,case_4,"[[0, ""8"", 1.0], [0, ""56"", 1.0]]","[""82"", ""83""]","[5, 5]",1004
5,82,Efficient,High,73,0.0,0.0,0.0,20.17808219178082,90.36600000000007,94.98000000000009,case_5,"[[0, ""40"", 1.0], [0, ""41"", 1.0], [0, ""42"", 1.0], [0, ""43"", 1.0], [2400, ""201"", 1.0]]","[""82"", ""83""]","[5, 5]",1005
5,82,Efficient,Low,83,0.0,0.0,0.0,17.867469879518072,89.71200000000007,93.3600000000001,case_5,"[[0, ""40"", 1.0], [0, ""41"", 1.0], [0, ""42"", 1.0], [0, ""43"", 1.0], [2400, ""201"", 1.0]]","[""82"", ""83""]","[5, 5]",1005
5,83,Centrality,High,73,0.0009519027283210624,0.0001717416251948878,0.023287671232876714,24.931506849315067,104.51400000000012,108.75000000000011,case_5,"[[0, ""40"", 1.0], [0, ""41"", 1.0], [0, ""42"", 1.0], [0, ""43"", 1.0], [2400, ""201"", 1.0]]","[""82"", ""83""]","[5, 5]",1005
5,83,Centrality,Low,83,0.0018671472639322168,0.00031912385917013037,0.024819277108433735,25.843373493975903,120.73200000000011,123.66000000000012,case_5,"[[0, ""40"", 1.0], [0, ""41"", 1.0], [0, ""42"", 1.0], [0, ""43"", 1.0], [2400, ""201"", 1.0]]","[""82"", ""83""]","[5, 5]",1005
6,82,Efficient,High,72,0.0,0.0,0.0,20.444444444444443,89.71200000000007,93.3600000000001,case_6,"[[0, ""60"", 1.0], [0, ""61"", 1.0], [0, ""62"", 1.0]]","[""82"", ""83""]","[5, 5]",1006
6,82,Efficient,Low,73,0.0,0.0,0.0,20.17808219178082,89.71200000000007,93.3600000000001,case_6,"[[0, ""60"", 1.0], [0, ""61"", 1.0], [0, ""62"", 1.0]]","[""82"", ""83""]","[5, 5]",1006
6,83,Centrality,High,72,0.00036254563052666656,3.546543687913307e-05,0.0025,25.666666666666668,103.6140000000001,107.25000000000011,case_6,"[[0, ""60"", 1.0], [0, ""61"", 1.0], [0, ""62"", 1.0]]","[""82"", ""83""]","[5, 5]",1006
6,83,Centrality,Low,73,0.015382318620392835,0.0114951516390247,0.011232876712328765,26.10958904109589,105.02400000000011,108.75000000000011,case_6,"[[0, ""60"", 1.0], [0, ""61"", 1.0], [0, ""62"", 1.0]]","[""82"", ""83""]","[5, 5]",1006
7,82,Efficient,High,79,0.0030321900453314362,0.0004925514715001698,0.013670886075949368,25.443037974683545,111.77400000000011,117.84000000000012,case_7,"[[0, ""6"", 1.0], [0, ""70"", 1.0], [0, ""71"", 1.0], [0, ""72"", 1.0], [0, ""173"", 1.0], [0, ""144"", 1.0]]","[""82"", ""83""]","[5, 5]",1007
7,82,Efficient,Low,92,0.10641592345985663,0.04846432720920732,0.02456521739130435,24.347826086956523,133.66800000000015,137.37000000000015,case_7,"[[0, ""6"", 1.0], [0, ""70"", 1.0], [0, ""71"", 1.0], [0, ""72"", 1.0], [0, ""173"", 1.0], [0, ""144"", 1.0]]","[""82"", ""83""]","[5, 5]",1007
7,83,Centrality,High,79,0.0025416102557698082,0.00036518121083795247,0.01189873417721519,24.025316455696203,107.9400000000001,114.54000000000012,case_7,"[[0, ""6"", 1.0], [0, ""70"", 1.0], [0, ""71"", 1.0], [0, ""72"", 1.0], [0, ""173"", 1.0], [0, ""144"", 1.0]]","[""82"", ""83""]","[5, 5]",1007
7,83,Centrality,Low,92,0.020592833572391757,0.0099806676359532,0.02456521739130435,26.695652173913043,127.24800000000013,132.60000000000014,case_7,"[[0, ""6"", 1.0], [0, ""70"", 1.0], [0, ""71"", 1.0], [0, ""72"", 1.0], [0, ""173"", 1.0], [0, ""144"", 1.0]]","[""82"", ""83""]","[5, 5]",1007
8,82,Efficient,High,79,0.00733926059875427,0.0006848944629422327,0.006582278481012659,24.164556962025316,111.89400000000009,117.93000000000012,case_8,"[[0, ""6"", 1.0], [0, ""7"", 1.0], [3000, ""172"", 0.8]]","[""82"", ""83""]","[5, 5]",1008
8,82,Efficient,Low,101,0.06365604978824514,0.02719819194023003,0.01722772277227723,26.356435643564357,146.97000000000014,150.75000000000014,case_8,"[[0, ""6"", 1.0], [0, ""7"", 1.0], [3000, ""172"", 0.8]]","[""82"", ""83""]","[5, 5]",1008
8,83,Centrality,High,79,0.0,0.0,0.001518987341772152,23.481012658227847,106.2360000000001,112.95000000000012,case_8,"[[0, ""6"", 1.0], [0, ""7"", 1.0], [3000, ""172"", 0.8]]","[""82"", ""83""]","[5, 5]",1008
8,83,Centrality,Low,101,0.01687735374560301,0.011182871543943559,0.007920792079207921,20.356435643564357,111.0120000000001,114.69000000000011,case_8,"[[0, ""6"", 1.0], [0, ""7"", 1.0], [3000, ""172"", 0.8]]","[""82"", ""83""]","[5, 5]",1008
9,82,Efficient,High,71,0.0007635488221800245,0.00012726384650867196,0.0039436619718309866,23.380281690140844,100.71000000000011,106.08000000000011,case_9,"[[0, ""14"", 1.0], [0, ""30"", 1.0], [0, ""31"", 1.0], [0, ""75"", 1.0]]","[""82"", ""83""]","[5, 5]",1009
9,82,Efficient,Low,76,0.00823458497340222,0.004495184998623224,0.011842105263157895,26.026315789473685,108.17400000000012,112.89000000000011,case_9,"[[0, ""14"", 1.0], [0, ""30"", 1.0], [0, ""31"", 1.0], [0, ""75"", 1.0]]","[""82"", ""83""]","[5, 5]",1009
9,83,Centrality,High,71,0.0005896866925561954,9.4675842070681e-05,0.0028169014084507044,24.52112676056338,100.0860000000001,105.0300000000001,case_9,"[[0, ""14"", 1.0], [0, ""30"", 1.0], [0, ""31"", 1.0], [0, ""75"", 1.0]]","[""82"", ""83""]","[5, 5]",1009
9,83,Centrality,Low,76,0.0005508915154143404,8.844716825024146e-05,0.002631578947368421,22.973684210526315,98.95200000000011,102.99000000000011,case_9,"[[0, ""14"", 1.0], [0, ""30"", 1.0], [0, ""31"", 1.0], [0, ""75"", 1.0]]","[""82"", ""83""]","[5, 5]",1009
10,82,Efficient,High,76,0.01043859649122807,0.004150292397660819,0.043421052631578944,24.407894736842106,104.92200000000011,111.06000000000012,case_10,"[[0, ""11"", 1.0], [0, ""10"", 1.0], [0, ""60"", 1.0], [0, ""55"", 1.0], [0, ""139"", 1.0], [3000, ""165"", 1.0], [3000, ""103"", 1.0]]","[""82"", ""83""]","[5, 5]",1010
10,82,Efficient,Low,108,0.07520511501190613,0.0381841834464176,0.020555555555555556,25.574074074074073,158.55000000000013,161.25000000000017,case_10,"[[0, ""11"", 1.0], [0, ""10"", 1.0], [0, ""60"", 1.0], [0, ""55"", 1.0], [0, ""139"", 1.0], [3000, ""165"", 1.0], [3000, ""103"", 1.0]]","[""82"", ""83""]","[5, 5]",1010
10,83,Centrality,High,76,0.0021820175438596492,0.0001615405701754386,0.0015789473684210526,26.0,107.47800000000011,113.55000000000011,case_10,"[[0, ""11"", 1.0], [0, ""10"", 1.0], [0, ""60"", 1.0], [0, ""55"", 1.0], [0, ""139"", 1.0], [3000, ""165"", 1.0], [3000, ""103"", 1.0]]","[""82"", ""83""]","[5, 5]",1010
10,83,Centrality,Low,108,0.04369398816678148,0.021232567197632748,0.008888888888888889,23.84259259259259,142.14600000000013,145.35000000000014,case_10,"[[0, ""11"", 1.0], [0, ""10"", 1.0], [0, ""60"", 1.0], [0, ""55"", 1.0], [0, ""139"", 1.0], [3000, ""165"", 1.0], [3000, ""103"", 1.0]]","[""82"", ""83""]","[5, 5]",1010
14,5,Centrality,High,22,0.047527056277056286,0.007983290172129459,0.03295454545454546,3.727272727272727,19.96800000000002,22.710000000000022,case_14,"[[0, ""67"", 1.0]]","[""5"", ""14""]","[5, 7]",2469
14,5,Centrality,Low,22,0.047527056277056286,0.007983290172129459,0.03295454545454546,3.727272727272727,19.96800000000002,22.710000000000022,case_14,"[[0, ""67"", 1.0]]","[""5"", ""14""]","[5, 7]",2469
14,5,Efficient,High,22,0.047527056277056286,0.007983290172129459,0.03295454545454546,3.727272727272727,19.96800000000002,22.710000000000022,case_14,"[[0, ""67"", 1.0]]","[""5"", ""14""]","[5, 7]",2469
14,5,Efficient,Low,33,0.08965608465608466,0.028633057521549585,0.02651515151515152,4.0,32.52000000000003,38.13000000000004,case_14,"[[0, ""67"", 1.0]]","[""5"", ""14""]","[5, 7]",2469
14,14,Centrality,High,22,0.0662147448511085,0.012107743956307515,0.03295454545454546,5.7272727272727275,28.140000000000033,32.220000000000034,case_14,"[[0, ""67"", 1.0]]","[""5"", ""14""]","[5, 7]",2469
14,14,Centrality,Low,22,0.0662147448511085,0.012107743956307515,0.03295454545454546,5.7272727272727275,28.140000000000033,32.220000000000034,case_14,"[[0, ""67"", 1.0]]","[""5"", ""14""]","[5, 7]",2469
14,14,Efficient,High,22,0.0662147448511085,0.012107743956307515,0.03295454545454546,5.7272727272727275,28.140000000000033,32.220000000000034,case_14,"[[0, ""67"", 1.0]]","[""5"", ""14""]","[5, 7]",2469
14,14,Efficient,Low,33,0.14562782335509608,0.049837140310330125,0.02651515151515152,6.636363636363637,44.47285714285719,48.57000000000005,case_14,"[[0, ""67"", 1.0]]","[""5"", ""14""]","[5, 7]",2469
13,5,Centrality,High,22,0.0,0.0,0.0,3.727272727272727,19.96800000000002,22.710000000000022,case_13,"[[0, ""69"", 1.0]]","[""5"", ""14""]","[5, 7]",246
13,5,Centrality,Low,22,0.0,0.0,0.0,3.727272727272727,19.96800000000002,22.710000000000022,case_13,"[[0, ""69"", 1.0]]","[""5"", ""14""]","[5, 7]",246
13,5,Efficient,High,22,0.020308441558441557,0.0034950725365903938,0.05757575757575758,3.5454545454545454,19.66800000000002,22.41000000000002,case_13,"[[0, ""69"", 1.0]]","[""5"", ""14""]","[5, 7]",246
13,5,Efficient,Low,22,0.020308441558441557,0.0034950725365903938,0.05757575757575758,3.5454545454545454,19.66800000000002,22.41000000000002,case_13,"[[0, ""69"", 1.0]]","[""5"", ""14""]","[5, 7]",246
13,14,Centrality,High,22,0.0,0.0,0.0,5.7272727272727275,28.140000000000033,32.220000000000034,case_13,"[[0, ""69"", 1.0]]","[""5"", ""14""]","[5, 7]",246
13,14,Centrality,Low,22,0.0,0.0,0.0,5.7272727272727275,28.140000000000033,32.220000000000034,case_13,"[[0, ""69"", 1.0]]","[""5"", ""14""]","[5, 7]",246
13,14,Efficient,High,22,0.03518119506755871,0.007236309587105288,0.05757575757575758,5.7272727272727275,28.290000000000028,32.46000000000003,case_13,"[[0, ""69"", 1.0]]","[""5"", ""14""]","[5, 7]",246
13,14,Efficient,Low,22,0.03518119506755871,0.007236309587105288,0.05757575757575758,5.7272727272727275,28.290000000000028,32.46000000000003,case_13,"[[0, ""69"", 1.0]]","[""5"", ""14""]","[5, 7]",246
12,14,Centrality,High,30,0.0,0.0,0.0035000000000000005,2.2666666666666666,15.462857142857157,18.570000000000018,case_12,"[[0, ""48"", 0.5]]","[""65"", ""14""]","[13, 7]",246
12,14,Centrality,Low,30,0.0,0.0,0.0035000000000000005,2.2666666666666666,15.462857142857157,18.570000000000018,case_12,"[[0, ""48"", 0.5]]","[""65"", ""14""]","[13, 7]",246
12,14,Efficient,High,30,0.0,0.0,0.0035000000000000005,2.2666666666666666,15.462857142857157,18.570000000000018,case_12,"[[0, ""48"", 0.5]]","[""65"", ""14""]","[13, 7]",246
12,14,Efficient,Low,33,0.0,0.0,0.0196969696969697,2.1515151515151514,15.462857142857157,18.570000000000018,case_12,"[[0, ""48"", 0.5]]","[""65"", ""14""]","[13, 7]",246
12,65,Centrality,High,30,0.0,0.0,0.0035000000000000005,6.733333333333333,35.84307692307696,44.01000000000004,case_12,"[[0, ""48"", 0.5]]","[""65"", ""14""]","[13, 7]",246
12,65,Centrality,Low,30,0.0,0.0,0.0035000000000000005,6.733333333333333,35.84307692307696,44.01000000000004,case_12,"[[0, ""48"", 0.5]]","[""65"", ""14""]","[13, 7]",246
12,65,Efficient,High,30,0.0,0.0,0.0035000000000000005,6.733333333333333,35.84307692307696,44.01000000000004,case_12,"[[0, ""48"", 0.5]]","[""65"", ""14""]","[13, 7]",246
12,65,Efficient,Low,33,0.021187284937284938,0.004916777541391989,0.0196969696969697,6.606060606060606,39.955384615384645,48.12000000000005,case_12,"[[0, ""48"", 0.5]]","[""65"", ""14""]","[13, 7]",246
11,14,Centrality,High,25,0.04795656565656566,0.004401251537743962,0.09060000000000004,3.72,22.75285714285716,27.330000000000027,case_11,"[[0, ""41"", 0.5], [0, ""48"", 0.5], [0, ""46"", 0.5], [0, ""3"", 1.0]]","[""69"", ""14""]","[13, 7]",2465
11,14,Centrality,Low,25,0.07638802308802309,0.01196454632857122,0.08820000000000003,3.84,22.688571428571453,26.790000000000028,case_11,"[[0, ""41"", 0.5], [0, ""48"", 0.5], [0, ""46"", 0.5], [0, ""3"", 1.0]]","[""69"", ""14""]","[13, 7]",2465
11,14,Efficient,High,25,0.04795656565656566,0.004401251537743962,0.09060000000000004,3.72,22.75285714285716,27.330000000000027,case_11,"[[0, ""41"", 0.5], [0, ""48"", 0.5], [0, ""46"", 0.5], [0, ""3"", 1.0]]","[""69"", ""14""]","[13, 7]",2465
11,14,Efficient,Low,25,0.10001209901209901,0.013319472796551386,0.09420000000000003,5.28,28.761428571428603,32.820000000000036,case_11,"[[0, ""41"", 0.5], [0, ""48"", 0.5], [0, ""46"", 0.5], [0, ""3"", 1.0]]","[""69"", ""14""]","[13, 7]",2465
11,69,Centrality,High,25,0.045363492063492064,0.0037983405769715295,0.09060000000000004,3.68,28.922307692307722,36.99000000000004,case_11,"[[0, ""41"", 0.5], [0, ""48"", 0.5], [0, ""46"", 0.5], [0, ""3"", 1.0]]","[""69"", ""14""]","[13, 7]",2465
11,69,Centrality,Low,25,0.055549206349206355,0.011256668808264045,0.08820000000000003,3.68,29.0769230769231,37.26000000000003,case_11,"[[0, ""41"", 0.5], [0, ""48"", 0.5], [0, ""46"", 0.5], [0, ""3"", 1.0]]","[""69"", ""14""]","[13, 7]",2465
11,69,Efficient,High,25,0.045363492063492064,0.0037983405769715295,0.09060000000000004,3.68,28.922307692307722,36.99000000000004,case_11,"[[0, ""41"", 0.5], [0, ""48"", 0.5], [0, ""46"", 0.5], [0, ""3"", 1.0]]","[""69"", ""14""]","[13, 7]",2465
11,69,Efficient,Low,25,0.045363492063492064,0.0037983405769715295,0.09420000000000003,3.68,28.35230769230771,36.570000000000036,case_11,"[[0, ""41"", 0.5], [0, ""48"", 0.5], [0, ""46"", 0.5], [0, ""3"", 1.0]]","[""69"", ""14""]","[13, 7]",2465
23,4,Centrality,High,54,0.0,0.0,0.0004902962206332994,11.037037037037036,54.40500000000006,55.080000000000055,crowding,"[[0, ""8"", 1.0]]","[""82"", ""83"", ""92"", ""59"", ""45"", ""80"", ""103"", ""119"", ""25"", ""64"", ""32"", ""136"", ""141"", ""170"", ""148"", ""4""]","[10, 10, 30, 5, 3, 4, 2, 5, 4, 3, 2, 3, 1, 2, 3, 2]",1234
23,4,Centrality,Low,52,0.0,0.0,0.0009291270527225585,12.365384615384615,55.51500000000006,56.34000000000005,crowding,"[[0, ""8"", 1.0]]","[""82"", ""83"", ""92"", ""59"", ""45"", ""80"", ""103"", ""119"", ""25"", ""64"", ""32"", ""136"", ""141"", ""170"", ""148"", ""4""]","[10, 10, 30, 5, 3, 4, 2, 5, 4, 3, 2, 3, 1, 2, 3, 2]",1234
23,4,Efficient,High,44,0.0,0.0,2.5536261491317675e-05,8.909090909090908,48.15000000000005,49.68000000000005,crowding,"[[0, ""8"", 1.0]]","[""82"", ""83"", ""92"", ""59"", ""45"", ""80"", ""103"", ""119"", ""25"", ""64"", ""32"", ""136"", ""141"", ""170"", ""148"", ""4""]","[10, 10, 30, 5, 3, 4, 2, 5, 4, 3, 2, 3, 1, 2, 3, 2]",1234
23,4,Efficient,Low,42,0.0,0.0,0.0007633537049406963,9.333333333333334,49.185000000000045,49.98000000000005,crowding,"[[0, ""8"", 1.0]]","[""82"", ""83"", ""92"", ""59"", ""45"", ""80"", ""103"", ""119"", ""25"", ""64"", ""32"", ""136"", ""141"", ""170"", ""148"", ""4""]","[10, 10, 30, 5, 3, 4, 2, 5, 4, 3, 2, 3, 1, 2, 3, 2]",1234
23,25,Centrality,High,55,0.001174772939478822,0.00016675311043411227,0.0004902962206332994,5.1454545454545455,30.56250000000003,32.64000000000003,crowding,"[[0, ""8"", 1.0]]","[""82"", ""83"", ""92"", ""59"", ""45"", ""80"", ""103"", ""119"", ""25"", ""64"", ""32"", ""136"", ""141"", ""170"", ""148"", ""4""]","[10, 10, 30, 5, 3, 4, 2, 5, 4, 3, 2, 3, 1, 2, 3, 2]",1234
23,25,Centrality,Low,52,0.001242548301371831,0.00017637348218992646,0.0009291270527225585,5.596153846153846,31.77000000000003,33.960000000000036,crowding,"[[0, ""8"", 1.0]]","[""82"", ""83"", ""92"", ""59"", ""45"", ""80"", ""103"", ""119"", ""25"", ""64"", ""32"", ""136"", ""141"", ""170"", ""148"", ""4""]","[10, 10, 30, 5, 3, 4, 2, 5, 4, 3, 2, 3, 1, 2, 3, 2]",1234
23,25,Efficient,High,44,0.0004971590909090909,8.589311079545454e-05,2.5536261491317675e-05,4.386363636363637,29.57250000000003,31.92000000000003,crowding,"[[0, ""8"", 1.0]]","[""82"", ""83"", ""92"", ""59"", ""45"", ""80"", ""103"", ""119"", ""25"", ""64"", ""32"", ""136"", ""141"", ""170"", ""148"", ""4""]","[10, 10, 30, 5, 3, 4, 2, 5, 4, 3, 2, 3, 1, 2, 3, 2]",1234
23,25,Efficient,Low,42,0.008151455026455026,0.004731580228542033,0.0007633537049406963,3.4047619047619047,29.602500000000028,32.07000000000003,crowding,"[[0, ""8"", 1.0]]","[""82"", ""83"", ""92"", ""59"", ""45"", ""80"", ""103"", ""119"", ""25"", ""64"", ""32"", ""136"", ""141"", ""170"", ""148"", ""4""]","[10, 10, 30, 5, 3, 4, 2, 5, 4, 3, 2, 3, 1, 2, 3, 2]",1234
23,32,Centrality,High,54,0.0,0.0,0.0004902962206332994,14.833333333333334,65.13000000000007,66.36000000000007,crowding,"[[0, ""8"", 1.0]]","[""82"", ""83"", ""92"", ""59"", ""45"", ""80"", ""103"", ""119"", ""25"", ""64"", ""32"", ""136"", ""141"", ""170"", ""148"", ""4""]","[10, 10, 30, 5, 3, 4, 2, 5, 4, 3, 2, 3, 1, 2, 3, 2]",1234
23,32,Centrality,Low,52,0.0,0.0,0.0009291270527225585,15.942307692307692,65.13000000000007,66.36000000000007,crowding,"[[0, ""8"", 1.0]]","[""82"", ""83"", ""92"", ""59"", ""45"", ""80"", ""103"", ""119"", ""25"", ""64"", ""32"", ""136"", ""141"", ""170"", ""148"", ""4""]","[10, 10, 30, 5, 3, 4, 2, 5, 4, 3, 2, 3, 1, 2, 3, 2]",1234
23,32,Efficient,High,44,0.0,0.0,2.5536261491317675e-05,1.3409090909090908,9.495000000000008,10.23000000000001,crowding,"[[0, ""8"", 1.0]]","[""82"", ""83"", ""92"", ""59"", ""45"", ""80"", ""103"", ""119"", ""25"", ""64"", ""32"", ""136"", ""141"", ""170"", ""148"", ""4""]","[10, 10, 30, 5, 3, 4, 2, 5, 4, 3, 2, 3, 1, 2, 3, 2]",1234
23,32,Efficient,Low,42,0.0,0.0,0.0007633537049406963,1.3571428571428572,9.495000000000008,10.23000000000001,crowding,"[[0, ""8"", 1.0]]","[""82"", ""83"", ""92"", ""59"", ""45"", ""80"", ""103"", ""119"", ""25"", ""64"", ""32"", ""136"", ""141"", ""170"", ""148"", ""4""]","[10, 10, 30, 5, 3, 4, 2, 5, 4, 3, 2, 3, 1, 2, 3, 2]",1234
23,45,Centrality,High,55,0.0,0.0,0.0004902962206332994,2.290909090909091,18.610000000000017,20.76000000000002,crowding,"[[0, ""8"", 1.0]]","[""82"", ""83"", ""92"", ""59"", ""45"", ""80"", ""103"", ""119"", ""25"", ""64"", ""32"", ""136"", ""141"", ""170"", ""148"", ""4""]","[10, 10, 30, 5, 3, 4, 2, 5, 4, 3, 2, 3, 1, 2, 3, 2]",1234
23,45,Centrality,Low,52,0.0,0.0,0.0009291270527225585,2.3653846153846154,18.610000000000017,20.76000000000002,crowding,"[[0, ""8"", 1.0]]","[""82"", ""83"", ""92"", ""59"", ""45"", ""80"", ""103"", ""119"", ""25"", ""64"", ""32"", ""136"", ""141"", ""170"", ""148"", ""4""]","[10, 10, 30, 5, 3, 4, 2, 5, 4, 3, 2, 3, 1, 2, 3, 2]",1234
23,45,Efficient,High,48,0.0,0.0,2.5536261491317675e-05,2.1458333333333335,15.740000000000016,16.740000000000016,crowding,"[[0, ""8"", 1.0]]","[""82"", ""83"", ""92"", ""59"", ""45"", ""80"", ""103"", ""119"", ""25"", ""64"", ""32"", ""136"", ""141"", ""170"", ""148"", ""4""]","[10, 10, 30, 5, 3, 4, 2, 5, 4, 3, 2, 3, 1, 2, 3, 2]",1234
23,45,Efficient,Low,49,0.0,0.0,0.0007633537049406963,2.122448979591837,15.740000000000016,16.740000000000016,crowding,"[[0, ""8"", 1.0]]","[""82"", ""83"", ""92"", ""59"", ""45"", ""80"", ""103"", ""119"", ""25"", ""64"", ""32"", ""136"", ""141"", ""170"", ""148"", ""4""]","[10, 10, 30, 5, 3, 4, 2, 5, 4, 3, 2, 3, 1, 2, 3, 2]",1234
23,59,Centrality,High,55,0.0,0.0,0.0004902962206332994,2.963636363636364,29.184000000000026,34.35000000000004,crowding,"[[0, ""8"", 1.0]]","[""82"", ""83"", ""92"", ""59"", ""45"", ""80"", ""103"", ""119"", ""25"", ""64"", ""32"", ""136"", ""141"", ""170"", ""148"", ""4""]","[10, 10, 30, 5, 3, 4, 2, 5, 4, 3, 2, 3, 1, 2, 3, 2]",1234
23,59,Centrality,Low,52,0.0,0.0,0.0009291270527225585,3.076923076923077,29.184000000000026,34.35000000000004,crowding,"[[0, ""8"", 1.0]]","[""82"", ""83"", ""92"", ""59"", ""45"", ""80"", ""103"", ""119"", ""25"", ""64"", ""32"", ""136"", ""141"", ""170"", ""148"", ""4""]","[10, 10, 30, 5, 3, 4, 2, 5, 4, 3, 2, 3, 1, 2, 3, 2]",1234
23,59,Efficient,High,48,0.0,0.0,2.5536261491317675e-05,2.5,19.15800000000002,21.390000000000022,crowding,"[[0, ""8"", 1.0]]","[""82"", ""83"", ""92"", ""59"", ""45"", ""80"", ""103"", ""119"", ""25"", ""64"", ""32"", ""136"", ""141"", ""170"", ""148"", ""4""]","[10, 10, 30, 5, 3, 4, 2, 5, 4, 3, 2, 3, 1, 2, 3, 2]",1234
23,59,Efficient,Low,49,0.025574244849454933,0.011253716179469051,0.0007633537049406963,5.020408163265306,39.210000000000036,42.780000000000044,crowding,"[[0, ""8"", 1.0]]","[""82"", ""83"", ""92"", ""59"", ""45"", ""80"", ""103"", ""119"", ""25"", ""64"", ""32"", ""136"", ""141"", ""170"", ""148"", ""4""]","[10, 10, 30, 5, 3, 4, 2, 5, 4, 3, 2, 3, 1, 2, 3, 2]",1234
23,64,Centrality,High,54,0.00024366471734892786,5.040012311480456e-05,0.0004902962206332994,20.796296296296298,79.53000000000009,81.48000000000008,crowding,"[[0, ""8"", 1.0]]","[""82"", ""83"", ""92"", ""59"", ""45"", ""80"", ""103"", ""119"", ""25"", ""64"", ""32"", ""136"", ""141"", ""170"", ""148"", ""4""]","[10, 10, 30, 5, 3, 4, 2, 5, 4, 3, 2, 3, 1, 2, 3, 2]",1234
23,64,Centrality,Low,52,0.004504747918060612,0.001069877387340282,0.0009291270527225585,8.826923076923077,36.69000000000003,38.040000000000035,crowding,"[[0, ""8"", 1.0]]","[""82"", ""83"", ""92"", ""59"", ""45"", ""80"", ""103"", ""119"", ""25"", ""64"", ""32"", ""136"", ""141"", ""170"", ""148"", ""4""]","[10, 10, 30, 5, 3, 4, 2, 5, 4, 3, 2, 3, 1, 2, 3, 2]",1234
23,64,Efficient,High,44,0.0,0.0,2.5536261491317675e-05,2.590909090909091,22.82000000000002,24.210000000000026,crowding,"[[0, ""8"", 1.0]]","[""82"", ""83"", ""92"", ""59"", ""45"", ""80"", ""103"", ""119"", ""25"", ""64"", ""32"", ""136"", ""141"", ""170"", ""148"", ""4""]","[10, 10, 30, 5, 3, 4, 2, 5, 4, 3, 2, 3, 1, 2, 3, 2]",1234
23,64,Efficient,Low,42,0.018918969102792633,0.0084644391777568,0.0007633537049406963,5.380952380952381,43.700000000000045,45.810000000000045,crowding,"[[0, ""8"", 1.0]]","[""82"", ""83"", ""92"", ""59"", ""45"", ""80"", ""103"", ""119"", ""25"", ""64"", ""32"", ""136"", ""141"", ""170"", ""148"", ""4""]","[10, 10, 30, 5, 3, 4, 2, 5, 4, 3, 2, 3, 1, 2, 3, 2]",1234
23,80,Centrality,High,55,0.0,0.0,0.0004902962206332994,1.3454545454545455,9.105000000000008,10.38000000000001,crowding,"[[0, ""8"", 1.0]]","[""82"", ""83"", ""92"", ""59"", ""45"", ""80"", ""103"", ""119"", ""25"", ""64"", ""32"", ""136"", ""141"", ""170"", ""148"", ""4""]","[10, 10, 30, 5, 3, 4, 2, 5, 4, 3, 2, 3, 1, 2, 3, 2]",1234
23,80,Centrality,Low,52,0.0,0.0,0.0009291270527225585,1.3653846153846154,9.105000000000008,10.38000000000001,crowding,"[[0, ""8"", 1.0]]","[""82"", ""83"", ""92"", ""59"", ""45"", ""80"", ""103"", ""119"", ""25"", ""64"", ""32"", ""136"", ""141"", ""170"", ""148"", ""4""]","[10, 10, 30, 5, 3, 4, 2, 5, 4, 3, 2, 3, 1, 2, 3, 2]",1234
23,80,Efficient,High,48,0.0,0.0,2.5536261491317675e-05,1.3958333333333333,9.270000000000008,10.86000000000001,crowding,"[[0, ""8"", 1.0]]","[""82"", ""83"", ""92"", ""59"", ""45"", ""80"", ""103"", ""119"", ""25"", ""64"", ""32"", ""136"", ""141"", ""170"", ""148"", ""4""]","[10, 10, 30, 5, 3, 4, 2, 5, 4, 3, 2, 3, 1, 2, 3, 2]",1234
23,80,Efficient,Low,49,0.0,0.0,0.0007633537049406963,1.3877551020408163,9.270000000000008,10.86000000000001,crowding,"[[0, ""8"", 1.0]]","[""82"", ""83"", ""92"", ""59"", ""45"", ""80"", ""103"", ""119"", ""25"", ""64"", ""32"", ""136"", ""141"", ""170"", ""148"", ""4""]","[10, 10, 30, 5, 3, 4, 2, 5, 4, 3, 2, 3, 1, 2, 3, 2]",1234
23,82,Centrality,High,55,0.0,0.0,0.0004902962206332994,6.327272727272727,64.36500000000007,70.32000000000006,crowding,"[[0, ""8"", 1.0]]","[""82"", ""83"", ""92"", ""59"", ""45"", ""80"", ""103"", ""119"", ""25"", ""64"", ""32"", ""136"", ""141"", ""170"", ""148"", ""4""]","[10, 10, 30, 5, 3, 4, 2, 5, 4, 3, 2, 3, 1, 2, 3, 2]",1234
23,82,Centrality,Low,52,0.0,0.0,0.0009291270527225585,6.615384615384615,65.39400000000005,71.64000000000007,crowding,"[[0, ""8"", 1.0]]","[""82"", ""83"", ""92"", ""59"", ""45"", ""80"", ""103"", ""119"", ""25"", ""64"", ""32"", ""136"", ""141"", ""170"", ""148"", ""4""]","[10, 10, 30, 5, 3, 4, 2, 5, 4, 3, 2, 3, 1, 2, 3, 2]",1234
23,82,Efficient,High,48,0.0,0.0,2.5536261491317675e-05,6.458333333333333,62.169000000000075,70.56000000000007,crowding,"[[0, ""8"", 1.0]]","[""82"", ""83"", ""92"", ""59"", ""45"", ""80"", ""103"", ""119"", ""25"", ""64"", ""32"", ""136"", ""141"", ""170"", ""148"", ""4""]","[10, 10, 30, 5, 3, 4, 2, 5, 4, 3, 2, 3, 1, 2, 3, 2]",1234
23,82,Efficient,Low,49,0.0,0.0,0.0007633537049406963,6.408163265306122,64.67400000000006,72.66000000000007,crowding,"[[0, ""8"", 1.0]]","[""82"", ""83"", ""92"", ""59"", ""45"", ""80"", ""103"", ""119"", ""25"", ""64"", ""32"", ""136"", ""141"", ""170"", ""148"", ""4""]","[10, 10, 30, 5, 3, 4, 2, 5, 4, 3, 2, 3, 1, 2, 3, 2]",1234
23,83,Centrality,High,55,0.00196969696969697,0.00011994949494949496,0.0004902962206332994,5.745454545454545,55.94400000000006,63.48000000000006,crowding,"[[0, ""8"", 1.0]]","[""82"", ""83"", ""92"", ""59"", ""45"", ""80"", ""103"", ""119"", ""25"", ""64"", ""32"", ""136"", ""141"", ""170"", ""148"", ""4""]","[10, 10, 30, 5, 3, 4, 2, 5, 4, 3, 2, 3, 1, 2, 3, 2]",1234
23,83,Centrality,Low,52,0.0020833333333333333,0.00012686965811965813,0.0009291270527225585,6.019230769230769,56.544000000000054,64.71000000000006,crowding,"[[0, ""8"", 1.0]]","[""82"", ""83"", ""92"", ""59"", ""45"", ""80"", ""103"", ""119"", ""25"", ""64"", ""32"", ""136"", ""141"", ""170"", ""148"", ""4""]","[10, 10, 30, 5, 3, 4, 2, 5, 4, 3, 2, 3, 1, 2, 3, 2]",1234
23,83,Efficient,High,48,0.0,0.0,2.5536261491317675e-05,6.166666666666667,60.33300000000006,71.88000000000007,crowding,"[[0, ""8"", 1.0]]","[""82"", ""83"", ""92"", ""59"", ""45"", ""80"", ""103"", ""119"", ""25"", ""64"", ""32"", ""136"", ""141"", ""170"", ""148"", ""4""]","[10, 10, 30, 5, 3, 4, 2, 5, 4, 3, 2, 3, 1, 2, 3, 2]",1234
23,83,Efficient,Low,49,0.0,0.0,0.0007633537049406963,6.081632653061225,59.24100000000006,68.67000000000007,crowding,"[[0, ""8"", 1.0]]","[""82"", ""83"", ""92"", ""59"", ""45"", ""80"", ""103"", ""119"", ""25"", ""64"", ""32"", ""136"", ""141"", ""170"", ""148"", ""4""]","[10, 10, 30, 5, 3, 4, 2, 5, 4, 3, 2, 3, 1, 2, 3, 2]",1234
23,92,Centrality,High,55,0.0,0.0,0.0004902962206332994,2.418181818181818,41.12000000000003,58.23000000000006,crowding,"[[0, ""8"", 1.0]]","[""82"", ""83"", ""92"", ""59"", ""45"", ""80"", ""103"", ""119"", ""25"", ""64"", ""32"", ""136"", ""141"", ""170"", ""148"", ""4""]","[10, 10, 30, 5, 3, 4, 2, 5, 4, 3, 2, 3, 1, 2, 3, 2]",1234
23,92,Centrality,Low,52,0.0,0.0,0.0009291270527225585,2.5,41.19100000000004,60.99000000000006,crowding,"[[0, ""8"", 1.0]]","[""82"", ""83"", ""92"", ""59"", ""45"", ""80"", ""103"", ""119"", ""25"", ""64"", ""32"", ""136"", ""141"", ""170"", ""148"", ""4""]","[10, 10, 30, 5, 3, 4, 2, 5, 4, 3, 2, 3, 1, 2, 3, 2]",1234
23,92,Efficient,High,48,0.0,0.0,2.5536261491317675e-05,2.5625,35.52700000000004,54.66000000000005,crowding,"[[0, ""8"", 1.0]]","[""82"", ""83"", ""92"", ""59"", ""45"", ""80"", ""103"", ""119"", ""25"", ""64"", ""32"", ""136"", ""141"", ""170"", ""148"", ""4""]","[10, 10, 30, 5, 3, 4, 2, 5, 4, 3, 2, 3, 1, 2, 3, 2]",1234
23,92,Efficient,Low,49,0.0,0.0,0.0007633537049406963,2.5306122448979593,35.89600000000003,55.38000000000005,crowding,"[[0, ""8"", 1.0]]","[""82"", ""83"", ""92"", ""59"", ""45"", ""80"", ""103"", ""119"", ""25"", ""64"", ""32"", ""136"", ""141"", ""170"", ""148"", ""4""]","[10, 10, 30, 5, 3, 4, 2, 5, 4, 3, 2, 3, 1, 2, 3, 2]",1234
23,103,Centrality,High,55,0.0,0.0,0.0004902962206332994,1.4,9.96000000000001,10.59000000000001,crowding,"[[0, ""8"", 1.0]]","[""82"", ""83"", ""92"", ""59"", ""45"", ""80"", ""103"", ""119"", ""25"", ""64"", ""32"", ""136"", ""141"", ""170"", ""148"", ""4""]","[10, 10, 30, 5, 3, 4, 2, 5, 4, 3, 2, 3, 1, 2, 3, 2]",1234
23,103,Centrality,Low,52,0.0,0.0,0.0009291270527225585,1.4230769230769231,9.96000000000001,10.59000000000001,crowding,"[[0, ""8"", 1.0]]","[""82"", ""83"", ""92"", ""59"", ""45"", ""80"", ""103"", ""119"", ""25"", ""64"", ""32"", ""136"", ""141"", ""170"", ""148"", ""4""]","[10, 10, 30, 5, 3, 4, 2, 5, 4, 3, 2, 3, 1, 2, 3, 2]",1234
23,103,Efficient,High,48,0.0,0.0,2.5536261491317675e-05,1.4583333333333333,9.96000000000001,10.59000000000001,crowding,"[[0, ""8"", 1.0]]","[""82"", ""83"", ""92"", ""59"", ""45"", ""80"", ""103"", ""119"", ""25"", ""64"", ""32"", ""136"", ""141"", ""170"", ""148"", ""4""]","[10, 10, 30, 5, 3, 4, 2, 5, 4, 3, 2, 3, 1, 2, 3, 2]",1234
23,103,Efficient,Low,49,0.0,0.0,0.0007633537049406963,1.4489795918367347,9.96000000000001,10.59000000000001,crowding,"[[0, ""8"", 1.0]]","[""82"", ""83"", ""92"", ""59"", ""45"", ""80"", ""103"", ""119"", ""25"", ""64"", ""32"", ""136"", ""141"", ""170"", ""148"", ""4""]","[10, 10, 30, 5, 3, 4, 2, 5, 4, 3, 2, 3, 1, 2, 3, 2]",1234
23,119,Centrality,High,55,0.003816183816183816,0.0025356840961236566,0.0004902962206332994,8.654545454545454,49.566000000000045,52.35000000000005,crowding,"[[0, ""8"", 1.0]]","[""82"", ""83"", ""92"", ""59"", ""45"", ""80"", ""103"", ""119"", ""25"", ""64"", ""32"", ""136"", ""141"", ""170"", ""148"", ""4""]","[10, 10, 30, 5, 3, 4, 2, 5, 4, 3, 2, 3, 1, 2, 3, 2]",1234
23,119,Centrality,Low,52,0.04947576587565276,0.019494288502655492,0.0009291270527225585,13.942307692307692,73.42200000000007,77.91000000000008,crowding,"[[0, ""8"", 1.0]]","[""82"", ""83"", ""92"", ""59"", ""45"", ""80"", ""103"", ""119"", ""25"", ""64"", ""32"", ""136"", ""141"", ""170"", ""148"", ""4""]","[10, 10, 30, 5, 3, 4, 2, 5, 4, 3, 2, 3, 1, 2, 3, 2]",1234
23,119,Efficient,High,46,0.004562828475871954,0.003031796201886981,2.5536261491317675e-05,6.717391304347826,43.218000000000046,48.03000000000005,crowding,"[[0, ""8"", 1.0]]","[""82"", ""83"", ""92"", ""59"", ""45"", ""80"", ""103"", ""119"", ""25"", ""64"", ""32"", ""136"", ""141"", ""170"", ""148"", ""4""]","[10, 10, 30, 5, 3, 4, 2, 5, 4, 3, 2, 3, 1, 2, 3, 2]",1234
23,119,Efficient,Low,46,0.056139396466314655,0.022077816834899944,0.0007633537049406963,12.0,67.08600000000007,72.15000000000008,crowding,"[[0, ""8"", 1.0]]","[""82"", ""83"", ""92"", ""59"", ""45"", ""80"", ""103"", ""119"", ""25"", ""64"", ""32"", ""136"", ""141"", ""170"", ""148"", ""4""]","[10, 10, 30, 5, 3, 4, 2, 5, 4, 3, 2, 3, 1, 2, 3, 2]",1234
23,136,Centrality,High,54,0.0,0.0,0.0004902962206332994,4.407407407407407,36.98000000000004,38.610000000000035,crowding,"[[0, ""8"", 1.0]]","[""82"", ""83"", ""92"", ""59"", ""45"", ""80"", ""103"", ""119"", ""25"", ""64"", ""32"", ""136"", ""141"", ""170"", ""148"", ""4""]","[10, 10, 30, 5, 3, 4, 2, 5, 4, 3, 2, 3, 1, 2, 3, 2]",1234
23,136,Centrality,Low,52,0.0,0.0,0.0009291270527225585,4.730769230769231,36.610000000000035,38.28000000000004,crowding,"[[0, ""8"", 1.0]]","[""82"", ""83"", ""92"", ""59"", ""45"", ""80"", ""103"", ""119"", ""25"", ""64"", ""32"", ""136"", ""141"", ""170"", ""148"", ""4""]","[10, 10, 30, 5, 3, 4, 2, 5, 4, 3, 2, 3, 1, 2, 3, 2]",1234
23,136,Efficient,High,44,0.0,0.0,2.5536261491317675e-05,4.181818181818182,35.24000000000004,36.99000000000004,crowding,"[[0, ""8"", 1.0]]","[""82"", ""83"", ""92"", ""59"", ""45"", ""80"", ""103"", ""119"", ""25"", ""64"", ""32"", ""136"", ""141"", ""170"", ""148"", ""4""]","[10, 10, 30, 5, 3, 4, 2, 5, 4, 3, 2, 3, 1, 2, 3, 2]",1234
23,136,Efficient,Low,42,0.0,0.0,0.0007633537049406963,4.285714285714286,36.290000000000035,39.000000000000036,crowding,"[[0, ""8"", 1.0]]","[""82"", ""83"", ""92"", ""59"", ""45"", ""80"", ""103"", ""119"", ""25"", ""64"", ""32"", ""136"", ""141"", ""170"", ""148"", ""4""]","[10, 10, 30, 5, 3, 4, 2, 5, 4, 3, 2, 3, 1, 2, 3, 2]",1234
23,141,Centrality,High,54,0.0,0.0,0.0004902962206332994,1.2777777777777777,8.550000000000008,8.550000000000008,crowding,"[[0, ""8"", 1.0]]","[""82"", ""83"", ""92"", ""59"", ""45"", ""80"", ""103"", ""119"", ""25"", ""64"", ""32"", ""136"", ""141"", ""170"", ""148"", ""4""]","[10, 10, 30, 5, 3, 4, 2, 5, 4, 3, 2, 3, 1, 2, 3, 2]",1234
23,141,Centrality,Low,52,0.0,0.0,0.0009291270527225585,1.3461538461538463,8.550000000000008,8.550000000000008,crowding,"[[0, ""8"", 1.0]]","[""82"", ""83"", ""92"", ""59"", ""45"", ""80"", ""103"", ""119"", ""25"", ""64"", ""32"", ""136"", ""141"", ""170"", ""148"", ""4""]","[10, 10, 30, 5, 3, 4, 2, 5, 4, 3, 2, 3, 1, 2, 3, 2]",1234
23,141,Efficient,High,44,0.0,0.0,2.5536261491317675e-05,1.2727272727272727,8.550000000000008,8.550000000000008,crowding,"[[0, ""8"", 1.0]]","[""82"", ""83"", ""92"", ""59"", ""45"", ""80"", ""103"", ""119"", ""25"", ""64"", ""32"", ""136"", ""141"", ""170"", ""148"", ""4""]","[10, 10, 30, 5, 3, 4, 2, 5, 4, 3, 2, 3, 1, 2, 3, 2]",1234
23,141,Efficient,Low,42,0.0,0.0,0.0007633537049406963,1.2857142857142858,8.550000000000008,8.550000000000008,crowding,"[[0, ""8"", 1.0]]","[""82"", ""83"", ""92"", ""59"", ""45"", ""80"", ""103"", ""119"", ""25"", ""64"", ""32"", ""136"", ""141"", ""170"", ""148"", ""4""]","[10, 10, 30, 5, 3, 4, 2, 5, 4, 3, 2, 3, 1, 2, 3, 2]",1234
23,148,Centrality,High,54,0.0,0.0,0.0004902962206332994,1.7777777777777777,16.290000000000017,17.670000000000016,crowding,"[[0, ""8"", 1.0]]","[""82"", ""83"", ""92"", ""59"", ""45"", ""80"", ""103"", ""119"", ""25"", ""64"", ""32"", ""136"", ""141"", ""170"", ""148"", ""4""]","[10, 10, 30, 5, 3, 4, 2, 5, 4, 3, 2, 3, 1, 2, 3, 2]",1234
23,148,Centrality,Low,52,0.0,0.0,0.0009291270527225585,1.9230769230769231,16.290000000000017,17.670000000000016,crowding,"[[0, ""8"", 1.0]]","[""82"", ""83"", ""92"", ""59"", ""45"", ""80"", ""103"", ""119"", ""25"", ""64"", ""32"", ""136"", ""141"", ""170"", ""148"", ""4""]","[10, 10, 30, 5, 3, 4, 2, 5, 4, 3, 2, 3, 1, 2, 3, 2]",1234
23,148,Efficient,High,44,0.0,0.0,2.5536261491317675e-05,1.6818181818181819,16.290000000000017,17.670000000000016,crowding,"[[0, ""8"", 1.0]]","[""82"", ""83"", ""92"", ""59"", ""45"", ""80"", ""103"", ""119"", ""25"", ""64"", ""32"", ""136"", ""141"", ""170"", ""148"", ""4""]","[10, 10, 30, 5, 3, 4, 2, 5, 4, 3, 2, 3, 1, 2, 3, 2]",1234
23,148,Efficient,Low,42,0.0,0.0,0.0007633537049406963,1.7142857142857142,16.290000000000017,17.670000000000016,crowding,"[[0, ""8"", 1.0]]","[""82"", ""83"", ""92"", ""59"", ""45"", ""80"", ""103"", ""119"", ""25"", ""64"", ""32"", ""136"", ""141"", ""170"", ""148"", ""4""]","[10, 10, 30, 5, 3, 4, 2, 5, 4, 3, 2, 3, 1, 2, 3, 2]",1234
23,170,Centrality,High,54,0.0,0.0,0.0004902962206332994,1.1666666666666667,7.095000000000007,7.770000000000008,crowding,"[[0, ""8"", 1.0]]","[""82"", ""83"", ""92"", ""59"", ""45"", ""80"", ""103"", ""119"", ""25"", ""64"", ""32"", ""136"", ""141"", ""170"", ""148"", ""4""]","[10, 10, 30, 5, 3, 4, 2, 5, 4, 3, 2, 3, 1, 2, 3, 2]",1234
23,170,Centrality,Low,52,0.0,0.0,0.0009291270527225585,1.1923076923076923,7.095000000000007,7.770000000000008,crowding,"[[0, ""8"", 1.0]]","[""82"", ""83"", ""92"", ""59"", ""45"", ""80"", ""103"", ""119"", ""25"", ""64"", ""32"", ""136"", ""141"", ""170"", ""148"", ""4""]","[10, 10, 30, 5, 3, 4, 2, 5, 4, 3, 2, 3, 1, 2, 3, 2]",1234
23,170,Efficient,High,44,0.0,0.0,2.5536261491317675e-05,1.1818181818181819,7.095000000000007,7.770000000000008,crowding,"[[0, ""8"", 1.0]]","[""82"", ""83"", ""92"", ""59"", ""45"", ""80"", ""103"", ""119"", ""25"", ""64"", ""32"", ""136"", ""141"", ""170"", ""148"", ""4""]","[10, 10, 30, 5, 3, 4, 2, 5, 4, 3, 2, 3, 1, 2, 3, 2]",1234
23,170,Efficient,Low,42,0.0,0.0,0.0007633537049406963,1.1904761904761905,7.095000000000007,7.770000000000008,crowding,"[[0, ""8"", 1.0]]","[""82"", ""83"", ""92"", ""59"", ""45"", ""80"", ""103"", ""119"", ""25"", ""64"", ""32"", ""136"", ""141"", ""170"", ""148"", ""4""]","[10, 10, 30, 5, 3, 4, 2, 5, 4, 3, 2, 3, 1, 2, 3, 2]",1234
