experiment_id,case_name,agent_group_id,algorithm,awareness,n_records,mean_remaining_path_risk,remaining_path_risk_var,cumulative_risk_exposure,avg_path_length,min_time,avg_time,median_time,p90_time,max_time,case_name,risk_nodes,source_nodes,agents_per_source,random_seed
1,representative_case_mode_0,82,Efficient,0.0,117,0.03974304372284095,0.01668391314554293,0.02107449716437328,26.905982905982906,16968.0,17250.6,17253.0,17473.8,17529.0,representative_case_mode_0,"[""163"", ""164""]","[""82"", ""83"", ""73"", ""77"", ""92""]","[5, 5, 6, 6, 10]",233
1,representative_case_mode_0,83,Efficient,0.0,108,0.02504416629243555,0.008324995325371108,0.011896026682748601,25.925925925925927,15525.0,15811.2,15813.0,16036.8,16092.0,representative_case_mode_0,"[""163"", ""164""]","[""82"", ""83"", ""73"", ""77"", ""92""]","[5, 5, 6, 6, 10]",233
1,representative_case_mode_0,73,Efficient,0.0,56,0.0,0.0,0.0,19.553571428571427,7416.0,7899.5,7915.5,8244.0,8325.0,representative_case_mode_0,"[""163"", ""164""]","[""82"", ""83"", ""73"", ""77"", ""92""]","[5, 5, 6, 6, 10]",233
1,representative_case_mode_0,77,Efficient,0.0,65,0.00325751579368512,0.0007582690372453373,0.0287696333577596,21.584615384615386,8715.0,9162.5,9139.5,9546.0,9630.0,representative_case_mode_0,"[""163"", ""164""]","[""82"", ""83"", ""73"", ""77"", ""92""]","[5, 5, 6, 6, 10]",233
1,representative_case_mode_0,92,Efficient,0.0,103,0.012990491314455992,0.0039006465946367372,0.011728552916400993,21.57281553398058,13140.0,14026.2,13833.0,15078.0,15321.0,representative_case_mode_0,"[""163"", ""164""]","[""82"", ""83"", ""73"", ""77"", ""92""]","[5, 5, 6, 6, 10]",233
2,representative_case_mode_1,82,Efficient,1.0,98,0.0,0.0,0.0,24.510204081632654,12462.0,13718.4,13557.0,14590.8,14646.0,representative_case_mode_1,"[""163"", ""164""]","[""82"", ""83"", ""73"", ""77"", ""92""]","[5, 5, 6, 6, 10]",233
2,representative_case_mode_1,83,Efficient,1.0,95,0.0008431314367666876,0.00017583756141192246,0.0,23.673684210526314,12039.0,12896.4,12738.0,13856.4,14238.0,representative_case_mode_1,"[""163"", ""164""]","[""82"", ""83"", ""73"", ""77"", ""92""]","[5, 5, 6, 6, 10]",233
2,representative_case_mode_1,73,Efficient,1.0,56,0.0,0.0,0.0,19.553571428571427,7416.0,7900.0,7915.5,8245.5,8328.0,representative_case_mode_1,"[""163"", ""164""]","[""82"", ""83"", ""73"", ""77"", ""92""]","[5, 5, 6, 6, 10]",233
2,representative_case_mode_1,77,Efficient,1.0,64,0.001665393470734028,0.00032527373434141466,0.017887439241120105,21.375,8565.0,8991.0,8980.5,9343.5,9462.0,representative_case_mode_1,"[""163"", ""164""]","[""82"", ""83"", ""73"", ""77"", ""92""]","[5, 5, 6, 6, 10]",233
2,representative_case_mode_1,92,Efficient,1.0,96,0.0008839357027371067,0.00018373965838265225,0.0,22.916666666666668,12324.0,13391.4,13419.0,14127.3,14373.0,representative_case_mode_1,"[""163"", ""164""]","[""82"", ""83"", ""73"", ""77"", ""92""]","[5, 5, 6, 6, 10]",233
3,representative_case_mode_2,82,Centrality,0.0,95,0.008351123714919933,0.0026602505871197923,0.005104318062999574,25.726315789473684,13068.0,13512.0,13350.0,14007.6,14172.0,representative_case_mode_2,"[""163"", ""164""]","[""82"", ""83"", ""73"", ""77"", ""92""]","[5, 5, 6, 6, 10]",233
3,representative_case_mode_2,83,Centrality,0.0,102,0.01945587410273585,0.00612658282033656,0.008151444652268348,27.137254901960784,14574.0,14868.0,14874.0,15102.6,15159.0,representative_case_mode_2,"[""163"", ""164""]","[""82"", ""83"", ""73"", ""77"", ""92""]","[5, 5, 6, 6, 10]",233
3,representative_case_mode_2,73,Centrality,0.0,80,0.0033363168801510295,0.0008579246761504386,0.011156932849887545,23.5875,11187.0,11581.5,11592.0,11869.5,11937.0,representative_case_mode_2,"[""163"", ""164""]","[""82"", ""83"", ""73"", ""77"", ""92""]","[5, 5, 6, 6, 10]",233
3,representative_case_mode_2,77,Centrality,0.0,63,0.0,0.0,0.007766816639106433,22.11111111111111,8472.0,8960.0,8976.0,9307.5,9390.0,representative_case_mode_2,"[""163"", ""164""]","[""82"", ""83"", ""73"", ""77"", ""92""]","[5, 5, 6, 6, 10]",233
3,representative_case_mode_2,92,Centrality,0.0,96,0.009410244378594746,0.002782237163147664,0.009847376288882286,23.052083333333332,12261.0,13230.0,13204.5,14064.3,14310.0,representative_case_mode_2,"[""163"", ""164""]","[""82"", ""83"", ""73"", ""77"", ""92""]","[5, 5, 6, 6, 10]",233
4,representative_case_mode_3,82,Centrality,1.0,100,0.0,0.0,0.0,27.03,13545.0,14335.2,14454.0,14878.2,14943.0,representative_case_mode_3,"[""163"", ""164""]","[""82"", ""83"", ""73"", ""77"", ""92""]","[5, 5, 6, 6, 10]",233
4,representative_case_mode_3,83,Centrality,1.0,98,0.001159791525455039,0.00029618846679072854,0.0,25.540816326530614,12864.0,13745.4,13680.0,14488.2,14619.0,representative_case_mode_3,"[""163"", ""164""]","[""82"", ""83"", ""73"", ""77"", ""92""]","[5, 5, 6, 6, 10]",233
4,representative_case_mode_3,73,Centrality,1.0,80,0.0014819836935810009,0.00028694486077591444,0.006667636466353989,23.45,11211.0,11560.5,11562.0,11838.0,11907.0,representative_case_mode_3,"[""163"", ""164""]","[""82"", ""83"", ""73"", ""77"", ""92""]","[5, 5, 6, 6, 10]",233
4,representative_case_mode_3,77,Centrality,1.0,67,0.0,0.0,0.008805275140251501,21.01492537313433,8472.0,9057.5,8976.0,9600.0,9975.0,representative_case_mode_3,"[""163"", ""164""]","[""82"", ""83"", ""73"", ""77"", ""92""]","[5, 5, 6, 6, 10]",233
4,representative_case_mode_3,92,Centrality,1.0,95,0.0012837510174001047,0.0003273587362455295,0.0,23.726315789473684,12171.0,12973.8,12862.5,13848.9,14127.0,representative_case_mode_3,"[""163"", ""164""]","[""82"", ""83"", ""73"", ""77"", ""92""]","[5, 5, 6, 6, 10]",233
